variable,count,mean,std,min,25%,50%,75%,max,original
dummy1,1000.0,-0.00036180312456642104,0.010555461508912872,-0.0401245812317903,-0.007652884315703075,-0.0002608611656924,0.006760394231282324,0.032609302774361,0.0211728078928672
dummy2,1000.0,1.663460921515858e-05,0.010211889074907816,-0.034137702844597,-0.00669027485009715,-0.00029194193905384997,0.007055841019193175,0.0293960984206265,0.0054599326129451
x1,1000.0,-0.12020510599108834,3.009638728981245,-9.466368225261116,-2.2295036284768077,-0.17217384612124165,1.8381496985805093,28.20789587213028,28.20789587213028
x2,1000.0,0.16394198076712724,8.127532205004155,-22.03164395653242,-5.24852128128056,0.35351459939277374,5.5856733684762645,75.05110874267461,75.05110874267461
x3,1000.0,-0.038355408912151286,1.9970251833005928,-4.794286948259405,-1.4268352344089248,-0.06270245246291489,1.2389267131806365,17.755587253127477,17.755587253127477
